,Longtitude,Latitude,Max Temp,Humidity,Wind Speed,Cloudiness,Country,City
0,18.42,-33.93,66.2,68,6.93,40,ZA,Cape Town
1,153.24,-28.95,66.2,93,3.58,40,AU,Codrington
2,-133.03,69.44,-14.81,75,10.29,75,CA,Tuktoyaktuk
3,92.75,11.67,83.14,98,11.63,80,IN,Port Blair
4,38.72,14.12,41.11,41,2.35,0,ET,Aksum
5,-90.35,-0.74,86.0,55,17.22,40,EC,Puerto Ayora
6,-73.92,46.68,3.94,61,5.93,44,CA,Saint-Michel-des-Saints
7,-139.03,-9.8,78.73,100,16.44,80,PF,Atuona
8,112.38,24.79,47.32,98,2.57,92,CN,Lianzhou
9,167.69,-46.13,55.24,100,8.95,92,NZ,Tuatapere
10,-6.59,62.23,42.8,100,1.12,92,FO,Klaksvik
11,-58.74,-38.55,82.78,61,9.17,12,AR,Necochea
12,-68.31,-54.81,42.8,81,40.26,75,AR,Ushuaia
13,150.18,-35.71,66.44,90,6.15,64,AU,Batemans Bay
14,115.35,-33.64,63.43,100,18.79,0,AU,Busselton
15,-51.1,69.22,-5.81,48,10.29,75,GL,Ilulissat
16,-155.08,19.71,75.92,71,6.93,1,US,Hilo
17,-0.6,45.6,42.8,93,6.93,90,FR,Souillac
18,140.83,35.73,39.2,86,9.17,90,JP,Hasaki
19,32.65,-13.64,65.32,97,3.02,80,ZM,Chipata
20,-73.48,45.36,10.22,55,6.93,1,CA,Saint-Philippe
21,19.24,-34.42,60.01,65,9.4,0,ZA,Hermanus
22,-71.43,41.97,30.92,25,8.05,1,US,Cumberland
23,26.69,13.6,57.22,78,3.47,8,SD,Umm Kaddadah
24,-8.45,37.14,51.8,62,9.17,0,PT,Lagoa
25,-159.78,-21.21,84.2,70,5.82,75,CK,Avarua
26,70.83,66.83,4.43,88,21.03,80,RU,Yar-Sale
27,65.69,40.56,35.6,80,16.11,0,UZ,Nurota
28,-27.07,38.73,60.8,82,23.38,40,PT,Praia da Vitoria
29,-94.97,33.16,47.66,69,16.11,75,US,Mount Pleasant
30,150.67,-10.62,80.44,100,10.96,56,PG,Samarai
31,102.47,71.98,-28.87,47,12.19,48,RU,Khatanga
32,87.98,52.93,1.42,86,2.01,48,RU,Sheregesh
33,-63.55,8.12,88.72,46,13.76,36,VE,Ciudad Bolivar
34,150.85,-34.58,69.59,81,6.49,12,AU,Flinders
35,174.5,-35.62,69.19,95,3.24,8,NZ,Ngunguru
36,-131.65,55.34,42.08,95,8.05,90,US,Ketchikan
37,20.04,-34.53,69.8,43,10.29,0,ZA,Bredasdorp
38,15.66,41.0,28.4,92,4.7,90,IT,Melfi
39,168.86,-46.19,54.79,89,2.35,92,NZ,Mataura
40,-97.86,55.74,10.4,78,12.75,90,CA,Thompson
41,-125.76,54.23,33.95,99,2.46,92,CA,Burns Lake
42,-126.83,65.28,-31.01,66,4.7,20,CA,Norman Wells
43,-135.06,60.72,-9.41,76,5.82,90,CA,Whitehorse
44,80.55,73.51,-17.35,100,32.44,76,RU,Dikson
45,75.37,11.88,68.02,83,2.68,0,IN,Kannur
46,46.47,14.4,41.38,77,1.9,0,YE,Marzuq
47,-17.92,28.66,62.6,59,6.93,0,ES,Los Llanos de Aridane
48,27.91,-33.02,73.1,99,17.67,0,ZA,East London
49,-67.52,-46.43,69.91,29,13.98,12,AR,Mar del Plata
50,150.8,-2.57,81.29,100,10.4,48,PG,Kavieng
51,45.06,-25.17,74.14,95,1.68,80,MG,Beloha
52,10.89,45.88,32.0,92,4.7,20,IT,Nago
53,147.33,-42.88,55.4,62,6.93,20,AU,Hobart
54,-5.07,50.16,50.0,87,16.11,88,GB,Falmouth
55,-70.91,-53.16,50.0,53,39.15,75,CL,Punta Arenas
56,111.9,-8.09,70.81,97,2.68,48,ID,Boyolangu
57,16.43,-28.55,64.42,95,6.15,12,ZA,Oranjemund
58,-114.38,62.45,-4.01,83,10.29,90,CA,Yellowknife
59,101.62,6.7,74.14,100,3.58,92,TH,Sai Buri
60,26.89,-33.59,68.38,90,3.24,0,ZA,Port Alfred
61,-134.97,-23.12,78.95,100,13.98,76,PF,Rikitea
62,37.91,-4.5,69.01,83,2.35,8,TZ,Hedaru
63,136.49,52.42,-28.02,45,2.8,12,RU,Imeni Poliny Osipenko
64,116.51,39.86,14.0,78,6.71,0,CN,Taozhuang
65,135.5,-3.36,68.6,99,1.9,24,ID,Nabire
66,32.65,25.7,62.6,63,6.93,80,EG,Luxor
67,-156.47,20.89,80.06,88,17.22,90,US,Kahului
68,26.73,45.22,8.3,66,3.91,12,RO,Vernesti
69,-109.16,51.47,30.2,68,14.99,40,CA,Kindersley
70,115.24,5.28,80.6,88,3.36,75,BN,Victoria
71,177.51,64.73,-14.81,68,8.95,0,RU,Anadyr
72,-86.95,49.72,6.8,38,3.24,5,CA,Geraldton
73,-46.05,60.91,32.0,90,3.36,75,GL,Narsaq
74,111.65,40.81,1.4,77,4.47,0,CN,Hohhot
75,38.73,8.96,35.26,50,2.68,0,ET,Lebu
76,36.77,58.16,20.68,82,5.93,76,RU,Molokovo
77,107.03,33.08,12.31,73,2.13,8,CN,Hanzhong
78,149.07,-23.58,70.58,78,7.16,0,AU,Bluff
79,-73.75,42.65,24.98,31,11.41,20,US,Albany
80,169.85,-46.28,57.31,81,5.93,92,NZ,Kaitangata
81,73.08,-0.6,81.34,100,4.36,8,MV,Hithadhoo
82,145.91,-41.05,64.1,96,15.99,32,AU,Burnie
83,147.06,-42.78,55.4,62,6.93,20,AU,New Norfolk
84,50.81,9.49,76.61,100,17.45,68,SO,Bandarbeyla
85,-56.15,72.79,-5.34,100,11.41,20,GL,Upernavik
86,96.13,4.14,77.56,100,3.58,0,ID,Meulaboh
87,-39.27,-17.73,80.89,100,11.63,12,BR,Caravelas
88,-37.64,65.61,17.6,67,2.24,75,GL,Tasiilaq
89,5.65,58.89,44.6,87,14.99,75,NO,Sola
90,15.63,78.22,6.8,55,18.34,20,NO,Longyearbyen
91,90.2,23.17,52.58,95,3.02,0,BD,Madaripur
92,159.24,61.92,1.69,100,5.48,0,RU,Evensk
93,115.22,-8.65,78.8,100,2.24,20,ID,Denpasar
94,111.62,-2.68,74.59,97,2.57,24,ID,Pangkalanbuun
95,147.9,70.62,-23.52,71,7.16,80,RU,Chokurdakh
96,92.38,55.96,-7.61,69,11.18,40,RU,Divnogorsk
97,-122.43,37.46,62.6,76,5.82,40,US,Half Moon Bay
98,-68.52,63.75,-25.61,67,26.4,20,CA,Iqaluit
99,156.12,50.68,32.15,100,15.55,88,RU,Severo-Kurilsk
100,76.96,52.28,-5.81,83,4.47,0,KZ,Pavlodar
101,30.79,59.7,23.0,85,13.42,40,RU,Nikolskoye
102,57.19,48.59,24.14,91,18.79,88,KZ,Shubarshi
103,18.06,1.62,75.08,96,3.36,12,CD,Impfondo
104,-71.25,-29.9,69.8,56,12.75,0,CL,La Serena
105,161.92,-10.46,80.98,100,5.82,88,SB,Kirakira
106,178.42,69.38,-19.2,100,8.5,8,RU,Leningradskiy
107,-42.02,-22.97,86.0,69,16.11,20,BR,Arraial do Cabo
108,125.41,-8.93,68.78,87,1.9,32,TL,Airai
109,-50.22,-30.17,75.53,89,15.55,92,BR,Cidreira
110,-72.03,42.08,30.02,34,11.41,1,US,Southbridge
111,110.25,-7.94,72.29,98,2.57,76,ID,Srandakan
112,-159.32,22.08,78.08,62,6.93,40,US,Kapaa
113,-67.43,8.92,93.8,35,13.98,0,VE,Calabozo
114,20.23,67.86,19.4,73,1.12,20,SE,Kiruna
115,-0.57,48.75,48.2,87,16.11,20,FR,Flers
116,150.86,-34.67,69.59,81,6.49,12,AU,Kiama
117,5.82,45.06,39.2,86,3.36,90,FR,Batie
118,48.47,56.76,8.75,84,6.6,56,RU,Sovetskiy
119,26.49,5.39,69.14,69,3.02,12,CF,Obo
120,-52.73,47.66,32.0,100,16.11,90,CA,Torbay
121,88.52,28.28,-6.46,48,7.38,0,CN,Gamba
122,172.79,3.07,83.32,100,10.4,76,KI,Butaritari
123,22.13,-30.97,63.29,54,12.3,0,ZA,Carnarvon
124,-28.7,38.52,60.8,77,20.8,20,PT,Ribeira Grande
125,114.09,71.97,-54.75,0,4.14,0,RU,Saskylakh
126,179.32,63.05,-4.84,95,23.6,32,RU,Beringovskiy
127,48.55,61.74,17.08,72,8.61,80,RU,Urdoma
128,152.44,-3.66,82.69,100,14.43,68,PG,Namatanai
129,138.6,-33.21,65.32,37,11.97,0,AU,Jamestown
130,-99.65,37.17,36.16,89,16.55,68,US,Sitka
131,27.21,35.51,59.0,72,17.22,64,GR,Karpathos
132,12.15,-15.19,74.23,100,8.84,0,AO,Namibe
133,-161.76,60.79,-11.03,77,21.92,75,US,Bethel
134,136.73,36.67,32.0,100,3.36,75,JP,Tsubata
135,-101.88,54.77,10.4,85,11.41,90,CA,Flin Flon
136,134.64,67.65,-49.84,0,2.91,0,RU,Batagay
137,-61.45,10.24,84.2,54,14.99,20,TT,Esperance
138,141.3,-2.67,80.03,100,12.75,64,PG,Vanimo
139,135.99,33.72,46.46,100,9.73,0,JP,Shingu
140,-121.66,36.67,60.8,59,14.99,40,US,Salinas
141,173.16,-35.17,71.89,70,5.03,8,NZ,Ahipara
142,-127.42,50.7,48.2,76,19.46,90,CA,Port Hardy
143,30.11,-4.57,69.8,94,2.91,40,TZ,Kasulu
144,102.25,27.88,36.34,32,2.24,0,CN,Xichang
145,-6.55,41.42,25.54,86,3.47,0,PT,Saldanha
146,-65.11,-43.3,76.57,27,12.08,88,AR,Rawson
147,15.65,58.32,28.4,100,2.35,44,SE,Munkebo
148,32.77,37.57,33.8,86,1.12,75,TR,Cumra
149,22.34,39.45,37.4,70,2.35,75,GR,Saint George
150,-60.77,-19.93,85.12,76,7.38,64,PY,Mayor Pablo Lagerenza
151,128.87,71.64,-26.04,40,8.39,44,RU,Tiksi
152,131.38,44.41,-3.76,50,0.67,0,RU,Pogranichnyy
153,-0.04,16.28,66.71,34,9.4,0,ML,Gao
154,-80.2,44.08,23.0,61,3.36,1,CA,Shelburne
155,2.18,41.38,44.6,65,3.36,0,ES,Barcelona
156,158.65,53.05,30.2,54,6.71,88,RU,Petropavlovsk-Kamchatskiy
157,-81.11,-5.09,62.6,290,17.22,0,PE,Paita
158,37.86,6.95,56.99,31,7.38,0,ET,Boditi
159,-70.76,-28.58,69.64,62,3.13,0,CL,Vallenar
160,-69.36,77.48,-23.47,100,8.61,0,GL,Qaanaaq
161,44.24,65.85,23.47,84,8.5,92,RU,Mezen
162,-9.06,42.77,44.6,81,6.93,0,ES,Muros
163,170.27,69.7,-21.58,64,4.47,0,RU,Pevek
164,-53.46,-33.69,70.27,89,14.65,92,UY,Chuy
165,57.76,-20.34,80.6,78,13.87,40,MU,Bambous Virieux
166,24.07,60.25,17.6,100,5.82,8,FI,Lohja
167,61.21,28.22,23.96,63,2.68,0,IR,Khash
168,15.16,-26.65,61.81,93,5.59,36,NA,Luderitz
169,-82.8,21.88,79.76,82,9.51,76,CU,Nueva Gerona
170,109.46,-7.61,80.71,100,3.91,48,ID,Jatiroto
171,146.27,-20.07,70.49,83,7.27,0,AU,Charters Towers
172,-20.27,63.44,40.34,100,17.0,92,IS,Vestmannaeyjar
173,-60.63,-9.17,83.99,74,0.89,20,BR,Aripuana
174,35.38,-23.87,82.91,92,11.41,36,MZ,Inhambane
175,-72.32,-35.97,61.13,60,5.82,88,CL,Cauquenes
176,32.42,34.81,55.4,71,8.05,20,CY,Emba
177,-94.76,39.95,32.0,95,17.22,90,US,Kodiak
178,77.58,34.16,-9.3,59,1.23,56,IN,Leh
179,108.75,50.36,-17.53,45,2.24,12,RU,Krasnyy Chikoy
180,167.18,-15.51,82.06,99,4.81,68,VU,Luganville
181,-169.92,-19.06,82.4,69,13.87,40,NU,Alofi
182,-52.1,-32.03,71.6,94,9.17,90,BR,Rio Grande
183,8.59,12.64,75.2,33,2.24,0,NG,Kaina
184,44.22,17.54,62.6,45,2.68,0,SA,Najran
185,-59.52,13.22,82.4,58,16.11,40,BB,Bathsheba
186,41.69,13.93,62.98,47,4.03,0,ER,Edd
187,-76.2,-13.71,71.6,30,27.51,0,PE,Pisco
188,150.51,-24.4,69.95,71,9.62,0,AU,Biloela
189,153.71,67.46,-20.82,61,3.13,92,RU,Srednekolymsk
190,-73.25,-3.75,42.8,319,4.7,75,PE,Iquitos
191,57.7,-20.41,80.6,78,13.87,40,MU,Mahebourg
192,150.17,59.7,-3.99,75,5.59,36,RU,Arman
193,74.49,15.34,59.47,86,3.02,0,IN,Vaini
194,-43.42,-20.38,77.92,74,4.7,68,BR,Mariana
195,15.09,32.38,53.3,100,18.23,92,LY,Misratah
196,108.8,15.12,66.58,97,2.46,64,VN,Quang Ngai
197,-77.06,26.54,74.99,100,16.78,36,BS,Marsh Harbour
198,-24.5,14.9,72.43,96,9.95,0,CV,Sao Filipe
199,35.23,31.78,53.6,81,4.7,0,PS,Jerusalem
200,-10.05,5.88,78.8,94,7.83,40,LR,Buchanan
201,26.19,59.1,18.29,83,4.7,0,EE,Vao
202,-72.07,-45.58,59.0,44,12.75,20,CL,Coihaique
203,9.26,-1.57,77.69,100,7.94,80,GA,Omboue
204,103.53,1.68,80.6,88,2.24,75,MY,Kelapa Sawit
205,20.07,32.12,56.9,100,36.91,92,LY,Benghazi
206,-156.68,20.87,80.06,88,17.22,90,US,Lahaina
207,31.74,26.56,62.6,27,5.82,0,EG,Akhmim
208,17.77,8.34,70.99,49,3.91,0,TD,Moissala
209,-67.94,-3.1,77.74,97,1.68,24,BR,Santo Antonio do Ica
210,94.42,23.63,55.73,95,3.13,0,MM,Mawlaik
211,-46.0,-20.63,80.44,67,3.13,24,BR,Ponta do Sol
212,-74.98,39.31,35.06,30,4.7,75,US,Port Elizabeth
213,-54.84,-18.92,84.8,64,3.24,64,BR,Rio Verde de Mato Grosso
214,-73.63,40.73,35.96,30,3.13,1,US,Garden City
215,33.6,40.67,32.24,100,2.46,92,TR,Ayan
216,-4.21,51.04,50.0,87,21.92,92,GB,Northam
217,-89.33,42.01,30.2,95,16.11,90,US,Oregon
218,-173.23,64.42,-12.49,100,17.67,12,RU,Provideniya
219,16.92,-3.02,77.11,89,4.59,32,CD,Mushie
220,8.78,-0.72,80.6,88,6.93,40,GA,Port-Gentil
221,88.39,69.49,-40.8,90,8.61,44,RU,Talnakh
222,95.18,19.32,61.54,87,3.13,20,MM,Thayetmyo
223,138.43,38.08,40.39,100,4.92,64,JP,Ryotsu
224,82.6,54.81,-5.81,76,6.71,76,RU,Yarkovo
225,-114.4,54.12,17.6,85,2.91,1,CA,Barrhead
226,111.51,65.95,-29.14,44,3.69,24,RU,Aykhal
227,42.46,37.52,-0.52,54,1.79,0,TR,Sirnak
228,111.96,21.85,65.18,100,10.4,88,CN,Yangjiang
229,50.49,53.25,32.0,96,17.9,90,RU,Alekseyevka
230,-15.83,11.28,80.03,97,9.73,12,GW,Bubaque
231,-151.26,60.55,6.08,72,10.29,90,US,Kenai
232,-86.13,40.49,30.2,100,16.11,90,US,Kokomo
233,-52.33,4.94,82.4,69,13.87,75,GF,Cayenne
234,-16.33,33.08,62.6,72,14.99,40,PT,Camacha
235,122.88,-0.91,77.02,100,1.79,56,ID,Biak
236,-124.22,43.41,57.02,64,5.82,1,US,North Bend
237,108.94,30.3,27.16,84,2.35,68,CN,Lichuan
238,15.55,38.19,48.2,49,5.82,40,IT,Messina
239,57.76,-20.21,80.6,78,13.87,40,MU,Quatre Cocos
240,-68.59,70.47,-31.01,66,6.93,20,CA,Clyde River
241,-64.5,-31.42,77.0,73,12.75,75,AR,Villa Carlos Paz
242,-123.43,48.12,53.06,74,1.45,75,US,Port Angeles
243,-47.36,-0.61,80.21,100,9.84,12,BR,Salinopolis
244,81.12,6.12,78.14,100,11.18,92,LK,Hambantota
245,-149.15,-17.73,82.4,74,19.46,90,PF,Tautira
246,22.4,62.62,17.6,92,2.24,0,FI,Kurikka
247,-170.99,65.58,-10.96,100,25.84,8,RU,Lavrentiya
248,-67.48,-45.87,69.8,28,13.87,40,AR,Comodoro Rivadavia
249,-73.83,-41.87,59.0,67,8.05,0,CL,Ancud
250,113.87,-7.02,78.19,100,5.14,68,ID,Sumenep
251,-65.72,66.15,-27.41,67,6.93,5,CA,Pangnirtung
252,159.96,-9.43,75.71,100,2.91,80,SB,Honiara
253,88.13,47.83,-5.25,67,2.91,20,CN,Altay
254,30.29,36.37,23.11,88,0.78,12,TR,Kumluca
255,-15.21,64.25,36.34,100,10.29,92,IS,Hofn
256,-71.34,-29.95,69.8,56,12.75,0,CL,Coquimbo
257,-82.53,33.19,53.6,64,5.82,90,US,Avera
258,135.86,-34.72,64.1,95,13.98,8,AU,Port Lincoln
259,-62.99,-40.81,79.94,30,7.94,76,AR,Viedma
260,120.72,14.29,78.8,78,4.7,20,PH,Ternate
261,-71.08,19.55,80.6,78,5.82,75,DO,Mao
262,48.53,5.35,75.58,84,16.89,56,SO,Hobyo
263,121.97,53.97,-14.07,60,2.35,36,RU,Yerofey Pavlovich
264,132.93,48.79,-9.39,51,2.8,0,RU,Birobidzhan
265,87.89,25.65,53.39,79,2.8,0,IN,Jian
266,-120.67,35.49,60.98,68,5.82,20,US,Atascadero
267,21.3,29.14,53.17,52,19.46,0,LY,Awjilah
268,73.14,19.24,69.8,68,1.68,0,IN,Kalyan
269,-60.23,-38.31,73.28,95,6.6,36,AR,Barrow
270,-115.79,60.82,-4.01,76,9.17,75,CA,Hay River
271,123.95,41.89,23.0,92,2.24,0,CN,Fushun
272,119.94,54.43,-20.68,55,3.13,8,RU,Tupik
273,6.98,46.36,39.2,88,3.36,88,CH,Luan
274,147.26,-43.03,55.4,62,6.93,20,AU,Margate
275,-8.03,13.58,74.0,26,8.39,56,ML,Kolokani
276,-73.78,-15.02,52.54,57,3.58,92,PE,Coracora
277,-9.27,51.55,48.2,93,11.41,75,IE,Skibbereen
278,-53.67,66.94,-21.99,100,0.89,44,GL,Sisimiut
279,41.76,55.87,11.09,82,12.86,76,RU,Krasnaya Gorbatka
280,167.72,-45.41,54.74,71,10.51,100,NZ,Te Anau
281,100.49,13.75,80.6,83,3.58,8,TH,Bangkok
282,42.45,18.39,59.0,67,3.02,0,SA,Faya
283,-0.41,54.28,51.8,87,12.75,92,GB,Scarborough
284,-105.3,55.1,17.6,72,5.82,90,CA,La Ronge
285,80.45,27.28,51.05,85,3.02,0,IN,Beniganj
286,170.5,-45.87,58.7,78,6.6,92,NZ,Dunedin
287,40.29,53.24,10.55,84,11.86,76,RU,Pervomayskiy
288,-96.47,15.74,86.0,62,7.16,75,MX,Pochutla
289,-76.35,-6.53,62.6,290,9.17,40,PE,Las Palmas
290,-45.5,-3.7,75.22,93,2.91,88,BR,Pimentel
291,36.46,56.57,21.67,91,11.86,88,RU,Mirnyy
292,20.78,-11.56,72.11,73,8.72,80,AO,Lumeje
293,1.01,20.2,52.18,21,8.95,48,ML,Tessalit
294,-90.99,14.76,80.6,32,9.17,20,GT,Tecpan
295,-1.13,38.18,42.8,69,5.82,0,ES,Fortuna
296,136.64,50.72,-22.93,34,2.13,12,RU,Solnechnyy
297,9.98,52.12,42.8,87,16.11,75,DE,Marienburg
298,5.47,10.4,71.53,65,1.01,0,NG,Kontagora
299,115.04,40.61,2.77,76,3.69,0,CN,Xuanhua
300,-12.43,8.16,83.23,50,8.16,0,SL,Moyamba
301,-135.01,68.22,-22.01,67,8.05,20,CA,Aklavik
302,-70.49,-25.41,68.51,61,4.92,0,CL,Taltal
303,110.49,19.61,66.2,100,2.24,20,CN,Jiazi
304,40.85,64.47,24.8,100,6.71,90,RU,Uyemskiy
305,-76.41,17.88,84.2,51,13.87,20,JM,Morant Bay
306,-122.67,45.52,53.96,50,16.11,20,US,Portland
307,24.66,14.2,52.99,72,2.57,0,SD,Kutum
308,-58.91,-34.46,82.4,51,4.7,20,AR,Pilar
309,-73.76,-42.48,59.0,67,8.05,0,CL,Castro
310,40.92,34.45,42.82,74,12.19,0,SY,Abu Kamal
311,130.99,-25.24,86.0,23,9.17,0,AU,Yulara
312,86.03,44.3,5.33,82,2.91,92,CN,Shihezi
313,-68.8,-33.01,86.0,37,9.17,0,AR,Russell
314,48.48,8.41,64.55,67,10.4,0,SO,Garowe
315,135.31,54.72,-13.3,62,3.69,12,RU,Chumikan
316,137.76,-32.49,66.2,72,13.87,0,AU,Port Augusta
317,16.34,-17.48,91.4,18,10.29,0,NA,Eenhana
318,63.45,40.13,31.43,87,9.84,0,UZ,Gazli
319,100.36,-0.92,81.16,100,6.93,44,ID,Padang
320,14.13,57.79,30.2,100,3.36,75,SE,Dalvik
321,-6.48,9.53,74.18,42,4.59,68,CI,Boundiali
322,6.97,43.56,46.4,80,4.7,0,FR,Saint-Joseph
323,21.11,54.86,33.8,93,11.18,90,RU,Polessk
324,89.46,26.13,49.03,85,2.57,0,IN,Dinhata
325,55.3,25.27,69.8,64,4.7,0,AE,Dubai
326,10.4,53.25,44.6,87,13.87,75,DE,Luneburg
327,45.65,39.72,19.4,85,4.7,20,AM,Saravan
328,-83.03,42.3,31.1,56,13.87,90,US,Windsor
329,73.17,17.6,69.19,100,5.14,0,IN,Dabhol
330,59.15,53.14,23.0,92,24.61,90,RU,Svetlogorsk
331,36.2,36.95,50.0,95,16.11,0,TR,Erzin
332,9.57,63.66,33.8,100,6.93,75,NO,Beian
333,-51.74,64.17,23.0,92,10.29,90,GL,Nuuk
334,11.87,32.95,53.26,97,17.67,68,LY,Zaltan
335,26.92,-6.05,71.03,97,2.91,56,CD,Kabalo
336,82.78,24.75,52.09,87,2.57,64,IN,Ghorawal
337,112.95,-2.54,73.78,95,4.14,48,ID,Sampit
338,133.88,-23.7,75.2,41,4.7,0,AU,Alice Springs
339,129.0,-3.31,82.73,100,8.61,20,ID,Amahai
340,-45.44,-23.68,82.4,65,13.87,40,BR,Porto Novo
341,14.96,-20.37,59.96,36,5.59,0,NA,Khorixas
342,145.57,43.32,27.88,100,22.93,12,JP,Nemuro
343,10.98,31.86,31.7,83,4.47,0,LY,Nalut
344,-99.24,30.3,58.82,47,16.11,1,US,Harper
345,125.37,41.26,4.93,66,2.13,8,CN,Huanren
346,13.53,48.64,37.4,86,18.34,75,AT,Wanning
347,22.91,61.34,19.4,92,4.7,0,FI,Vammala
348,-41.05,-21.64,84.2,62,4.7,0,BR,Sao Joao da Barra
349,5.03,61.6,37.4,93,12.75,92,NO,Floro
350,-120.46,34.64,60.98,76,3.36,90,US,Lompoc
351,100.46,38.94,4.25,65,6.15,0,CN,Zhangye
352,80.77,53.27,-2.14,72,6.71,64,RU,Bayevo
353,57.21,50.28,23.0,92,22.37,90,KZ,Aqtobe
354,20.71,41.28,2.45,68,1.23,0,MK,Poum
355,-151.75,-16.48,81.61,100,22.59,88,PF,Faanui
356,38.52,6.48,46.64,52,2.91,0,ET,Hagere Selam
357,108.54,-7.37,71.17,98,2.57,92,ID,Banjar
358,16.14,29.16,42.91,42,12.97,0,LY,Waddan
359,-35.59,-7.8,82.4,58,13.87,0,BR,Bom Jardim
360,8.83,63.73,33.8,100,6.93,75,NO,Sistranda
361,31.04,-5.11,65.77,98,2.35,68,TZ,Nguruka
362,39.91,-16.23,78.14,100,11.07,92,MZ,Angoche
363,-65.36,-10.82,81.52,79,3.91,44,BO,Guayaramerin
364,9.96,57.59,37.64,100,13.65,8,DK,Hirtshals
365,105.31,-5.11,74.09,100,5.26,88,ID,Metro
366,-114.77,55.28,17.6,72,4.7,75,CA,Slave Lake
367,172.64,-43.53,64.4,72,11.41,8,NZ,Christchurch
368,122.3,29.96,45.07,100,13.98,0,CN,Shenjiamen
369,-68.38,49.12,15.8,56,11.41,20,CA,Chute-aux-Outardes
370,57.66,-20.01,80.6,78,13.87,40,MU,Grand Gaube
371,61.59,54.83,21.2,92,11.18,75,RU,Yetkul
372,134.5,33.93,37.4,86,5.82,20,JP,Katsuura
373,120.26,-9.65,71.71,99,3.36,0,ID,Waingapu
374,116.85,-20.74,72.34,62,3.36,0,AU,Karratha
375,5.14,61.99,37.4,93,12.75,92,NO,Raudeberg
376,140.78,-37.83,53.6,87,8.05,0,AU,Mount Gambier
377,39.83,-4.97,82.64,100,18.23,20,TZ,Micheweni
378,-82.01,39.94,30.02,84,4.7,90,US,Zanesville
379,145.42,-16.99,75.2,83,9.17,32,AU,Mareeba
380,-78.15,-10.07,79.13,47,6.49,0,PE,Huarmey
381,-105.25,19.93,83.0,61,3.91,0,MX,Tomatlan
382,72.64,10.57,81.61,100,6.38,0,IN,Kavaratti
383,126.98,37.57,26.6,85,2.24,1,KR,Seoul
384,-35.46,-5.2,82.4,78,6.93,75,BR,Touros
385,-45.24,60.14,29.45,94,19.8,88,GL,Nanortalik
386,7.39,18.74,59.24,44,6.38,36,NE,Arlit
387,-49.67,61.99,34.13,90,22.15,92,GL,Paamiut
388,-69.22,-51.62,55.06,69,32.32,36,AR,Rio Gallegos
389,-6.97,38.88,39.2,78,2.24,0,ES,Badajoz
390,-79.75,-2.03,84.2,70,5.82,75,EC,Olinda
391,32.53,34.92,55.4,76,5.82,20,CY,Lasa
392,4.2,36.57,40.66,100,1.9,92,DZ,Tigzirt
393,-75.1,4.71,82.4,58,10.29,75,CO,Santa Isabel
394,97.03,20.78,42.95,83,1.34,0,MM,Taunggyi
395,-1.75,4.89,82.78,100,6.49,20,GH,Takoradi
396,87.38,53.98,-3.72,77,2.57,48,RU,Chistogorskiy
397,107.08,10.35,80.44,90,20.24,36,VN,Vung Tau
398,-74.86,49.78,-0.41,77,9.17,90,CA,Chapais
399,-124.22,43.37,57.02,64,5.82,1,US,Coos Bay
400,97.53,50.6,-5.2,66,5.37,44,RU,Kungurtug
401,113.28,46.68,-8.94,45,7.16,0,MN,Baruun-Urt
402,101.31,1.11,71.98,96,2.46,24,ID,Balaipungut
403,8.48,35.86,35.6,94,4.7,40,TN,Manzil Salim
404,-63.58,44.65,14.0,66,20.8,75,CA,Halifax
405,12.48,41.89,39.2,51,5.82,0,IT,Rome
406,-110.66,31.68,67.82,32,14.99,1,US,Sonoita
407,18.26,0.05,74.54,98,2.13,20,CD,Mbandaka
408,123.73,50.57,-6.87,57,2.57,48,CN,Alihe
409,77.6,60.73,-5.81,83,8.95,90,RU,Strezhevoy
410,-133.71,68.36,-22.01,67,6.93,20,CA,Inuvik
411,29.09,70.86,24.91,100,2.91,88,NO,Berlevag
412,176.59,-39.94,68.15,75,4.59,0,NZ,Waipawa
413,74.98,28.17,55.01,78,7.05,44,IN,Ramgarh
414,24.73,-34.0,63.38,90,7.49,0,ZA,Kruisfontein
415,-53.11,48.65,29.18,100,15.21,20,CA,Bonavista
416,105.97,10.25,78.8,78,3.36,20,VN,Vinh Long
417,-38.6,-3.71,82.4,78,6.93,20,BR,Vila Velha
418,-158.09,21.35,78.98,68,4.7,75,US,Makakilo City
419,12.37,-6.13,78.73,87,4.14,64,AO,Soyo
420,119.87,-0.9,65.81,96,1.45,68,ID,Palu
421,108.1,10.93,77.06,92,15.32,0,VN,Phan Thiet
422,161.3,68.75,-17.26,51,1.57,56,RU,Cherskiy
423,-70.73,-32.75,66.08,66,2.01,20,CL,San Felipe
424,137.31,36.66,28.91,100,1.34,80,JP,Tateyama
425,115.51,-2.54,73.33,97,1.68,68,ID,Labuhan
426,33.64,-25.04,78.41,97,15.21,12,MZ,Xai-Xai
427,-119.7,36.83,64.04,55,11.41,1,US,Clovis
428,124.72,42.73,9.29,62,4.47,0,CN,Xifeng
429,-2.56,47.55,48.2,100,6.93,90,FR,Ambon
430,-75.98,36.85,42.98,62,9.17,90,US,Virginia Beach
431,122.04,11.74,78.19,100,17.22,92,PH,Dayong
432,59.62,37.35,22.25,75,4.03,0,TM,Kaka
433,-101.3,48.23,17.96,70,14.99,90,US,Minot
434,95.33,28.06,50.92,50,2.68,0,IN,Pasighat
435,108.06,-6.5,71.84,100,2.68,76,ID,Kroya
436,32.05,-8.57,61.54,97,1.12,92,TZ,Laela
437,82.18,29.28,19.91,100,1.68,88,NP,Jumla
438,27.87,62.32,19.4,85,9.17,0,FI,Varkaus
439,77.02,23.03,50.02,81,3.13,0,IN,Ichhawar
440,-46.02,-1.2,79.27,89,6.71,24,BR,Carutapera
441,-64.62,18.42,80.96,74,4.7,40,VG,Road Town
442,59.54,50.76,20.0,90,17.45,92,RU,Dombarovskiy
443,167.38,-16.07,82.42,86,3.47,0,VU,Norsup
444,126.19,9.28,70.4,100,3.24,100,PH,Cortes
445,-112.86,49.42,57.2,15,17.22,75,CA,Magrath
446,-70.73,7.24,89.6,46,4.7,75,VE,Guasdualito
447,80.42,5.97,76.39,100,3.36,92,LK,Weligama
448,-88.23,16.97,80.6,65,8.05,75,BZ,Dangriga
449,-14.96,16.65,72.11,26,7.38,0,MR,Podor
450,152.14,-32.72,71.6,94,11.41,90,AU,Nelson Bay
451,-87.06,41.47,30.2,78,16.11,90,US,Valparaiso
452,-50.16,-13.28,82.1,77,4.7,48,BR,Sao Miguel do Araguaia
453,134.08,-0.87,77.56,100,4.59,56,ID,Manokwari
454,-112.64,45.22,26.96,52,3.36,1,US,Dillon
455,18.49,-31.68,63.34,98,2.57,88,ZA,Vredendal
456,40.69,-14.56,81.29,96,14.2,68,MZ,Nacala
457,13.53,37.29,39.58,100,8.95,12,IT,Porto Empedocle
458,69.27,34.49,24.8,41,4.7,0,AF,Bagrami
459,33.05,-2.55,75.2,73,6.93,40,TZ,Kisesa
460,117.47,0.12,81.07,100,9.06,68,ID,Bontang
461,-89.56,13.7,89.6,35,11.41,0,SV,San Julian
462,-149.11,61.6,6.08,86,4.59,1,US,Palmer
463,139.9,69.3,-32.11,53,2.8,48,RU,Deputatskiy
464,-114.04,27.97,64.87,72,5.93,44,MX,Guerrero Negro
465,102.19,38.52,0.11,60,2.35,0,CN,Jinchang
466,-46.11,-15.92,81.97,65,3.91,36,BR,Arinos
467,-44.87,-1.82,81.34,73,6.6,0,BR,Cururupu
468,-76.8,-7.28,87.8,70,1.23,75,PE,Huicungo
469,13.04,54.11,42.8,87,13.87,75,DE,Grimmen
470,-77.82,-10.68,73.24,94,17.22,0,PE,Paramonga
471,-40.37,-14.53,77.33,66,5.59,76,BR,Pocoes
472,-0.61,44.83,42.8,100,5.82,90,FR,Saint-Augustin
473,-44.17,-22.54,86.0,58,10.29,20,BR,Barra Mansa
474,-92.44,31.31,68.9,58,3.36,40,US,Alexandria
475,103.55,-3.78,71.93,100,3.36,92,ID,Lahat
476,-64.96,-24.3,77.0,61,11.41,40,AR,El Sauzal
477,93.63,27.1,44.89,74,2.57,0,IN,Itanagar
478,148.16,-23.53,71.6,83,3.36,0,AU,Emerald
479,-3.98,22.68,54.74,30,12.75,0,ML,Taoudenni
480,-108.38,43.02,32.0,87,4.7,90,US,Riverton
481,112.75,59.63,-9.39,49,2.57,44,RU,Peleduy
482,-72.94,-41.47,57.2,82,10.29,90,CL,Puerto Montt
483,39.51,68.05,20.0,95,7.61,88,RU,Ostrovnoy
484,135.83,46.45,-14.07,41,2.13,0,RU,Vostok
485,141.86,39.28,28.69,91,4.25,92,JP,Kamaishi
486,134.3,46.44,-10.78,36,2.46,0,RU,Luchegorsk
487,-46.77,-1.05,79.18,86,5.37,64,BR,Braganca
488,-57.76,-2.54,85.66,64,4.25,64,BR,Urucara
489,-71.14,21.46,76.88,100,19.57,88,TC,Cockburn Town
490,-2.93,35.17,50.0,57,2.24,0,MA,Nador
491,18.94,9.45,71.3,29,6.71,0,TD,Kyabe
492,147.27,-2.02,83.41,99,15.66,76,PG,Lorengau
493,150.74,-23.13,73.4,73,8.05,56,AU,Yeppoon
494,36.42,48.46,20.77,88,10.29,76,UA,Petropavlivka
495,143.63,-3.55,73.24,100,2.91,76,PG,Wewak
496,-65.37,-24.93,77.0,68,6.93,40,AR,Humaita
497,142.16,-34.18,62.6,48,9.17,0,AU,Mildura
498,-59.53,13.07,82.4,58,16.11,40,BB,Oistins
499,-3.53,18.9,58.61,22,10.63,12,ML,Araouane
500,85.62,50.27,-1.78,68,2.13,32,RU,Ust-Koksa
501,55.99,30.4,23.6,63,3.69,0,IR,Rafsanjan
502,12.77,26.59,35.53,83,5.7,0,LY,Awbari
503,64.91,36.41,25.72,76,5.7,0,AF,Dawlatabad
504,102.82,24.19,47.0,79,5.37,0,CN,Xingyi
505,141.3,-6.12,73.24,98,2.35,92,PG,Kiunga
506,-84.33,9.52,82.4,47,16.11,20,CR,Parrita
507,-66.38,50.2,23.0,62,10.29,75,CA,Sept-Iles
508,-120.28,47.43,39.02,96,3.58,90,US,East Wenatchee Bench
509,-39.92,-2.92,77.02,93,4.59,68,BR,Itarema
510,-5.45,36.13,57.2,58,16.11,20,ES,Algeciras
511,145.78,-7.96,72.74,96,2.24,76,PG,Kerema
512,-105.99,49.63,33.86,78,10.63,0,CA,Assiniboia
513,27.25,31.35,55.4,35,18.34,0,EG,Marsa Matruh
514,152.35,-24.87,69.8,88,6.93,76,AU,Bundaberg
515,68.21,27.56,53.6,81,2.68,12,PK,Larkana
516,142.36,-3.15,77.24,100,4.36,80,PG,Aitape
517,-70.4,-23.65,69.8,64,17.22,20,CL,Antofagasta
518,-111.68,43.97,21.92,67,4.14,1,US,Saint Anthony
519,-3.0,51.59,50.0,100,19.46,75,GB,Newport
520,-1.58,6.46,77.69,71,3.91,56,GH,Bekwai
521,26.5,-18.35,72.11,76,3.13,80,ZW,Hwange
522,8.74,45.25,32.0,80,2.24,0,IT,Mortara
523,-78.55,-0.39,68.0,59,16.11,40,EC,San Cristobal
524,-1.8,51.07,50.0,81,16.11,75,GB,Salisbury
525,-70.71,42.09,30.92,25,8.05,1,US,Marshfield
526,132.26,-14.47,77.0,88,2.24,40,AU,Katherine
527,-72.03,-36.8,73.4,33,6.93,40,CL,San Ignacio
528,94.88,20.18,58.79,95,5.37,0,MM,Minbu
529,14.51,-22.95,64.4,82,6.93,0,NA,Walvis Bay
530,81.82,7.42,72.52,100,5.26,88,LK,Kalmunai
531,101.77,36.62,-5.2,61,2.24,0,CN,Xining
532,133.23,35.55,33.8,80,5.82,40,JP,Sakaiminato
533,-72.23,-38.65,68.0,64,5.82,75,CL,Vilcun
534,140.4,-8.49,75.71,100,4.92,36,ID,Merauke
535,2.36,48.94,48.2,87,8.05,90,FR,Saint-Denis
536,-0.95,37.74,42.8,80,3.36,0,ES,Torre-Pacheco
537,-109.91,22.89,78.8,64,3.36,5,MX,Cabo San Lucas
538,-12.5,7.53,81.83,75,6.38,0,SL,Bonthe
539,-147.72,64.84,-34.61,65,4.36,36,US,Fairbanks
540,-1.73,8.05,80.08,45,5.14,36,GH,Kintampo
541,34.59,8.25,58.03,66,2.8,0,ET,Gambela
542,143.24,59.36,-8.49,100,8.95,0,RU,Okhotsk
543,84.68,52.98,1.87,89,2.68,80,RU,Troitskoye
544,122.77,63.9,-20.68,60,6.71,36,RU,Kysyl-Syr
545,-58.16,6.8,82.4,69,16.11,75,GY,Georgetown
546,13.4,-12.58,76.39,100,5.7,20,AO,Benguela
547,22.03,60.45,17.6,92,2.24,24,FI,Naantali
548,20.99,50.17,34.63,96,14.76,88,PL,Dabrowa Tarnowska
549,6.26,4.92,82.33,65,10.63,32,NG,Yenagoa
550,18.97,-22.45,69.73,19,9.4,0,NA,Gobabis
551,20.93,14.53,68.06,31,7.94,0,TD,Biltine
552,135.97,35.09,33.8,86,3.36,75,JP,Moriyama
553,109.96,27.56,36.2,99,2.8,92,CN,Huaihua
554,5.75,5.52,82.51,61,11.07,8,NG,Warri
555,114.49,37.07,20.81,64,5.26,0,CN,Xingtai
556,-76.97,-6.03,76.39,83,2.68,56,PE,Moyobamba
